{
    "logit_threshold": -1.6182769536972046,
    "f1": 0.7270455758098394,
    "em": 0.37216828478964403,
    "group_em": 0.22653721682847897
}