{
    "logit_threshold": -1.6364227533340454,
    "f1": 0.7256982322505889,
    "em": 0.37605177993527505,
    "group_em": 0.24142394822006472
}