{
    "logit_threshold": -2.0204222202301025,
    "f1": 0.7248487138600691,
    "em": 0.3559870550161812,
    "group_em": 0.18058252427184465
}