{
    "logit_threshold": -2.653226137161255,
    "f1": 0.71859470103831,
    "em": 0.30032362459546924,
    "group_em": 0.11715210355987055
}