{
    "logit_threshold": -1.9697321653366089,
    "f1": 0.7267552345745266,
    "em": 0.3482200647249191,
    "group_em": 0.19093851132686085
}