{
    "logit_threshold": -2.226100206375122,
    "f1": 0.7186903099651495,
    "em": 0.3546925566343042,
    "group_em": 0.15728155339805824
}