{
    "logit_threshold": -2.2225797176361084,
    "f1": 0.7253106697267677,
    "em": 0.3663430420711974,
    "group_em": 0.17540453074433657
}