{
    "logit_threshold": -2.2696378231048584,
    "f1": 0.7296971489457421,
    "em": 0.40194174757281553,
    "group_em": 0.22394822006472492
}