{
    "logit_threshold": -1.374218225479126,
    "f1": 0.714716629381059,
    "em": 0.41423948220064727,
    "group_em": 0.29644012944983816
}