{
    "logit_threshold": -2.114257574081421,
    "f1": 0.7263683619514428,
    "em": 0.34368932038834954,
    "group_em": 0.14498381877022654
}