{
    "logit_threshold": -2.032480001449585,
    "f1": 0.6687063217226982,
    "em": 0.2757281553398058,
    "group_em": 0.07766990291262135
}