{
    "logit_threshold": -2.8818776607513428,
    "f1": 0.684111397029617,
    "em": 0.23754045307443367,
    "group_em": 0.026537216828478965
}