{
    "logit_threshold": -2.4440040588378906,
    "f1": 0.6725233963333762,
    "em": 0.2576051779935275,
    "group_em": 0.04336569579288026
}