{
    "logit_threshold": -2.676581621170044,
    "f1": 0.6864573361158822,
    "em": 0.2614886731391586,
    "group_em": 0.041423948220064725
}