{
    "logit_threshold": -2.899993419647217,
    "f1": 0.6870702391183025,
    "em": 0.23171521035598705,
    "group_em": 0.011003236245954692
}