{
    "logit_threshold": -2.6748127937316895,
    "f1": 0.6233022566962471,
    "em": 0.2343042071197411,
    "group_em": 0.141747572815534
}