{
    "logit_threshold": -3.492838144302368,
    "f1": 0.6449612619443972,
    "em": 0.19611650485436893,
    "group_em": 0.08478964401294499
}