{
    "logit_threshold": -3.123762845993042,
    "f1": 0.6385756315349239,
    "em": 0.2174757281553398,
    "group_em": 0.1080906148867314
}