{
    "logit_threshold": -3.4283056259155273,
    "f1": 0.6395286146805014,
    "em": 0.20194174757281552,
    "group_em": 0.08673139158576051
}