{
    "logit_threshold": -3.6342689990997314,
    "f1": 0.64243936125222,
    "em": 0.19870550161812298,
    "group_em": 0.08155339805825243
}