{
    "logit_threshold": -2.940643072128296,
    "f1": 0.6400019423695514,
    "em": 0.1423948220064725,
    "group_em": 0.0006472491909385113
}