{
    "logit_threshold": -2.7412450313568115,
    "f1": 0.6320729530878095,
    "em": 0.1650485436893204,
    "group_em": 0.0006472491909385113
}