{
    "logit_threshold": -3.5036516189575195,
    "f1": 0.622114159662806,
    "em": 0.11197411003236246,
    "group_em": 0.0
}