{
    "logit_threshold": -1.7393993139266968,
    "f1": 0.6330450766983274,
    "em": 0.2058252427184466,
    "group_em": 0.022006472491909384
}