{
    "logit_threshold": -2.784809112548828,
    "f1": 0.6307819706377528,
    "em": 0.1650485436893204,
    "group_em": 0.022653721682847898
}