{
    "logit_threshold": -1.4913476705551147,
    "f1": 0.678277736596767,
    "em": 0.2530744336569579,
    "group_em": 0.062135922330097085
}