{
    "logit_threshold": -1.5273572206497192,
    "f1": 0.6798982603925241,
    "em": 0.24919093851132687,
    "group_em": 0.04983818770226537
}