{
    "logit_threshold": -1.5493600368499756,
    "f1": 0.681364948514609,
    "em": 0.24919093851132687,
    "group_em": 0.05372168284789644
}