{
    "logit_threshold": -1.6801555156707764,
    "f1": 0.6796460810579644,
    "em": 0.23106796116504855,
    "group_em": 0.036893203883495145
}