{
    "logit_threshold": -1.6876437664031982,
    "f1": 0.6800235611361781,
    "em": 0.23042071197411004,
    "group_em": 0.0343042071197411
}