{
    "f1": 0.7061184531914949,
    "em": 0.42459546925566344,
    "group_em": 0.37087378640776697
}