{
    "f1": 0.7056865435406294,
    "em": 0.4343042071197411,
    "group_em": 0.37605177993527505
}