{
    "f1": 0.7060383060500494,
    "em": 0.4407766990291262,
    "group_em": 0.3786407766990291
}