{
    "f1": 0.709185042360636,
    "em": 0.4368932038834951,
    "group_em": 0.37993527508090613
}