{
    "f1": 0.709277283525766,
    "em": 0.4446601941747573,
    "group_em": 0.3825242718446602
}