{
    "logit_threshold": {
        "contradiction": [
            0.028906971216201782,
            0.6076524257659912
        ],
        "entailment": [
            0.29879283905029297,
            1.0160722732543945
        ],
        "neutral": [
            0.00839703343808651,
            1.0165510177612305
        ]
    },
    "f1": 0.6122451643642938,
    "em": 0.24207119741100325,
    "group_em": 0.04724919093851133
}