{
    "logit_threshold": {
        "contradiction": [
            0.03868560492992401,
            0.6641561388969421
        ],
        "entailment": [
            0.7493999004364014,
            0.9895608425140381
        ],
        "neutral": [
            0.013545583933591843,
            0.9924988150596619
        ]
    },
    "f1": 0.6115778450564163,
    "em": 0.284789644012945,
    "group_em": 0.09061488673139159
}