{
    "logit_threshold": {
        "contradiction": [
            0.009493143297731876,
            0.7316290736198425
        ],
        "entailment": [
            0.6600247025489807,
            1.00135338306427
        ],
        "neutral": [
            -0.006103432737290859,
            1.0015591382980347
        ]
    },
    "f1": 0.6291611228483912,
    "em": 0.2343042071197411,
    "group_em": 0.03559870550161812
}