{
    "logit_threshold": {
        "contradiction": [
            0.039454713463783264,
            0.7883764505386353
        ],
        "entailment": [
            0.8146880865097046,
            1.0118958950042725
        ],
        "neutral": [
            0.0356660820543766,
            1.0152562856674194
        ]
    },
    "f1": 0.6351530810856868,
    "em": 0.23236245954692555,
    "group_em": 0.02524271844660194
}