{
    "logit_threshold": {
        "contradiction": [
            0.0006978961173444986,
            0.7099186182022095
        ],
        "entailment": [
            0.6871875524520874,
            0.9959282279014587
        ],
        "neutral": [
            -0.010145347565412521,
            1.000832200050354
        ]
    },
    "f1": 0.6200546676965898,
    "em": 0.23171521035598705,
    "group_em": 0.038187702265372166
}