{
    "logit_threshold": -1.7927329540252686,
    "f1": 0.711366279438796,
    "em": 0.2588996763754045,
    "group_em": 0.018122977346278317
}