{
    "logit_threshold": -0.4756789803504944,
    "f1": 0.7101436942266321,
    "em": 0.34692556634304206,
    "group_em": 0.20194174757281552
}