{
    "logit_threshold": -1.6872615814208984,
    "f1": 0.7165603317902335,
    "em": 0.2809061488673139,
    "group_em": 0.03171521035598705
}