{
    "logit_threshold": -1.1884682178497314,
    "f1": 0.7160295517610739,
    "em": 0.3145631067961165,
    "group_em": 0.09320388349514563
}