{
    "logit_threshold": -0.8422451615333557,
    "f1": 0.7167324392859004,
    "em": 0.34045307443365697,
    "group_em": 0.15857605177993528
}